-- CostaSpine OS — Seed Data for Elviria Pilot
-- Run after 001_initial_schema.sql

-- Location: Elviria
INSERT INTO locations (id, name, address, phone, email, google_maps_url, google_review_url) VALUES
  ('10000000-0000-0000-0000-000000000001', 'CostaSpine Elviria', 'Urb. Elviria, Marbella 29604, Spain', '+34 952 123 456', 'elviria@costaspine.com', 'https://maps.google.com/?q=CostaSpine+Elviria', 'https://g.page/costaspine-elviria');

-- Rooms
INSERT INTO rooms (id, location_id, name, type, equipment) VALUES
  ('20000000-0000-0000-0000-000000000001', '10000000-0000-0000-0000-000000000001', 'Room 1', 'chiropractic', ARRAY['Adjustment table', 'Decompression unit']),
  ('20000000-0000-0000-0000-000000000002', '10000000-0000-0000-0000-000000000001', 'Room 2', 'massage', ARRAY['Massage table', 'Hot stones kit', 'Aromatherapy']),
  ('20000000-0000-0000-0000-000000000003', '10000000-0000-0000-0000-000000000001', 'Physio Suite', 'physiotherapy', ARRAY['Ultrasound', 'TENS', 'Exercise area', 'Resistance bands']);

-- Practitioners
INSERT INTO practitioners (id, first_name, last_name, email, profession, sub_specialties, skill_tags, max_patients_per_day) VALUES
  ('30000000-0000-0000-0000-000000000001', 'James', 'Wilson', 'james.wilson@costaspine.com', 'Chiropractor', ARRAY['Sports injury', 'Pediatric'], ARRAY['acute_injury', 'chronic_pain', 'sports_injury'], 14),
  ('30000000-0000-0000-0000-000000000002', 'Sarah', 'Chen', 'sarah.chen@costaspine.com', 'Physiotherapist', ARRAY['Post-surgery rehab', 'Neurological'], ARRAY['post_surgery', 'chronic_pain', 'rehab'], 10),
  ('30000000-0000-0000-0000-000000000003', 'Mark', 'Thompson', 'mark.thompson@costaspine.com', 'Massage Therapist', ARRAY['Deep tissue', 'Sports massage'], ARRAY['relaxation', 'sports_injury', 'chronic_pain'], 12);

-- Practitioner-Location links
INSERT INTO practitioner_locations (practitioner_id, location_id) VALUES
  ('30000000-0000-0000-0000-000000000001', '10000000-0000-0000-0000-000000000001'),
  ('30000000-0000-0000-0000-000000000002', '10000000-0000-0000-0000-000000000001'),
  ('30000000-0000-0000-0000-000000000003', '10000000-0000-0000-0000-000000000001');

-- Schedules (Mon-Fri, 09:00-17:00)
INSERT INTO practitioner_schedules (practitioner_id, location_id, day_of_week, start_time, end_time) VALUES
  -- Dr. Wilson: Mon-Fri
  ('30000000-0000-0000-0000-000000000001', '10000000-0000-0000-0000-000000000001', 1, '09:00', '17:00'),
  ('30000000-0000-0000-0000-000000000001', '10000000-0000-0000-0000-000000000001', 2, '09:00', '17:00'),
  ('30000000-0000-0000-0000-000000000001', '10000000-0000-0000-0000-000000000001', 3, '09:00', '17:00'),
  ('30000000-0000-0000-0000-000000000001', '10000000-0000-0000-0000-000000000001', 4, '09:00', '17:00'),
  ('30000000-0000-0000-0000-000000000001', '10000000-0000-0000-0000-000000000001', 5, '09:00', '14:00'),
  -- Dr. Chen: Mon-Thu
  ('30000000-0000-0000-0000-000000000002', '10000000-0000-0000-0000-000000000001', 1, '09:00', '16:00'),
  ('30000000-0000-0000-0000-000000000002', '10000000-0000-0000-0000-000000000001', 2, '09:00', '16:00'),
  ('30000000-0000-0000-0000-000000000002', '10000000-0000-0000-0000-000000000001', 3, '09:00', '16:00'),
  ('30000000-0000-0000-0000-000000000002', '10000000-0000-0000-0000-000000000001', 4, '09:00', '16:00'),
  -- Mark: Mon-Sat
  ('30000000-0000-0000-0000-000000000003', '10000000-0000-0000-0000-000000000001', 1, '10:00', '18:00'),
  ('30000000-0000-0000-0000-000000000003', '10000000-0000-0000-0000-000000000001', 2, '10:00', '18:00'),
  ('30000000-0000-0000-0000-000000000003', '10000000-0000-0000-0000-000000000001', 3, '10:00', '18:00'),
  ('30000000-0000-0000-0000-000000000003', '10000000-0000-0000-0000-000000000001', 4, '10:00', '18:00'),
  ('30000000-0000-0000-0000-000000000003', '10000000-0000-0000-0000-000000000001', 5, '10:00', '16:00'),
  ('30000000-0000-0000-0000-000000000003', '10000000-0000-0000-0000-000000000001', 6, '10:00', '14:00');

-- Services
INSERT INTO services (id, name, category, duration_minutes, price, deposit_amount, room_type) VALUES
  ('40000000-0000-0000-0000-000000000001', 'Initial Consultation', 'assessment', 60, 120.00, 30.00, 'chiropractic'),
  ('40000000-0000-0000-0000-000000000002', 'Chiropractic Adjustment', 'chiropractic', 30, 75.00, 20.00, 'chiropractic'),
  ('40000000-0000-0000-0000-000000000003', 'Physiotherapy Session', 'physiotherapy', 45, 85.00, 20.00, 'physiotherapy'),
  ('40000000-0000-0000-0000-000000000004', 'Sports Massage', 'massage', 60, 70.00, 15.00, 'massage'),
  ('40000000-0000-0000-0000-000000000005', 'Deep Tissue Massage', 'massage', 45, 65.00, 15.00, 'massage'),
  ('40000000-0000-0000-0000-000000000006', 'Post-Surgery Rehab', 'physiotherapy', 60, 95.00, 25.00, 'physiotherapy');

-- Clinic Settings
INSERT INTO clinic_settings (location_id) VALUES
  ('10000000-0000-0000-0000-000000000001');
-- CostaSpine — Room Details Backend Support
-- Adds capacity, supported services, maintenance logs, indexes, and RLS

-- =============================================
-- 1. EXTEND ROOMS TABLE
-- =============================================

ALTER TABLE rooms ADD COLUMN IF NOT EXISTS capacity INT DEFAULT 1;
ALTER TABLE rooms ADD COLUMN IF NOT EXISTS updated_at TIMESTAMPTZ DEFAULT now();

-- =============================================
-- 2. ROOM ↔ SERVICE JUNCTION (Supported Treatments)
-- =============================================

CREATE TABLE IF NOT EXISTS room_supported_services (
    room_id UUID NOT NULL REFERENCES rooms(id) ON DELETE CASCADE,
    service_id UUID NOT NULL REFERENCES services(id) ON DELETE CASCADE,
    PRIMARY KEY (room_id, service_id)
);

ALTER TABLE room_supported_services ENABLE ROW LEVEL SECURITY;
CREATE POLICY "Staff can read room_supported_services" ON room_supported_services FOR SELECT TO authenticated USING (true);
CREATE POLICY "Admins can manage room_supported_services" ON room_supported_services FOR ALL TO authenticated
    USING (EXISTS (SELECT 1 FROM user_roles ur WHERE ur.user_id = auth.uid() AND ur.role = 'admin'));
CREATE POLICY "Service role all room_supported_services" ON room_supported_services FOR ALL TO service_role USING (true);

-- =============================================
-- 3. ROOM MAINTENANCE LOGS
-- =============================================

CREATE TABLE IF NOT EXISTS room_maintenance_logs (
    id UUID PRIMARY KEY DEFAULT gen_random_uuid(),
    room_id UUID NOT NULL REFERENCES rooms(id) ON DELETE CASCADE,
    note TEXT NOT NULL,
    reported_by TEXT NOT NULL DEFAULT 'Staff',
    resolved BOOLEAN DEFAULT false,
    created_at TIMESTAMPTZ DEFAULT now()
);

CREATE INDEX idx_maintenance_logs_room ON room_maintenance_logs(room_id);
CREATE INDEX idx_maintenance_logs_created ON room_maintenance_logs(created_at DESC);

ALTER TABLE room_maintenance_logs ENABLE ROW LEVEL SECURITY;
CREATE POLICY "Staff can read maintenance_logs" ON room_maintenance_logs FOR SELECT TO authenticated USING (true);
CREATE POLICY "Staff can insert maintenance_logs" ON room_maintenance_logs FOR INSERT TO authenticated WITH CHECK (true);
CREATE POLICY "Admins can update maintenance_logs" ON room_maintenance_logs FOR UPDATE TO authenticated
    USING (EXISTS (SELECT 1 FROM user_roles ur WHERE ur.user_id = auth.uid() AND ur.role = 'admin'));
CREATE POLICY "Service role all maintenance_logs" ON room_maintenance_logs FOR ALL TO service_role USING (true);

-- =============================================
-- 4. MISSING INDEXES
-- =============================================

CREATE INDEX IF NOT EXISTS idx_appointments_room ON appointments(room_id);
CREATE INDEX IF NOT EXISTS idx_rooms_location ON rooms(location_id);

-- =============================================
-- 5. RLS: Allow staff to UPDATE rooms (status toggle)
-- =============================================

CREATE POLICY "Staff can update rooms" ON rooms FOR UPDATE TO authenticated USING (true);
CREATE POLICY "Admins can insert rooms" ON rooms FOR INSERT TO authenticated
    WITH CHECK (EXISTS (SELECT 1 FROM user_roles ur WHERE ur.user_id = auth.uid() AND ur.role = 'admin'));

-- =============================================
-- 6. SEED: Link rooms to supported services
-- =============================================

-- Room 1 (Chiropractic) → chiropractic services
INSERT INTO room_supported_services (room_id, service_id)
SELECT '20000000-0000-0000-0000-000000000001'::uuid, id
FROM services WHERE category IN ('chiropractic', 'assessment')
ON CONFLICT DO NOTHING;

-- Room 2 (Massage) → massage services
INSERT INTO room_supported_services (room_id, service_id)
SELECT '20000000-0000-0000-0000-000000000002'::uuid, id
FROM services WHERE category = 'massage'
ON CONFLICT DO NOTHING;

-- Room 3 (Physio Suite) → physiotherapy services
INSERT INTO room_supported_services (room_id, service_id)
SELECT '20000000-0000-0000-0000-000000000003'::uuid, id
FROM services WHERE category = 'physiotherapy'
ON CONFLICT DO NOTHING;

-- Set capacity
UPDATE rooms SET capacity = 2 WHERE type = 'physiotherapy';

-- Seed maintenance logs
INSERT INTO room_maintenance_logs (room_id, note, reported_by, resolved, created_at) VALUES
('20000000-0000-0000-0000-000000000001'::uuid, 'Adjustment table hydraulics serviced', 'BioMed', true, '2026-03-15T10:00:00Z'),
('20000000-0000-0000-0000-000000000001'::uuid, 'Decompression unit annual calibration', 'BioMed', true, '2026-03-10T14:00:00Z'),
('20000000-0000-0000-0000-000000000002'::uuid, 'Massage table re-padded, new upholstery installed', 'Facilities', true, '2026-03-15T09:00:00Z'),
('20000000-0000-0000-0000-000000000002'::uuid, 'Hot stones kit replaced — old stones cracked', 'Staff', true, '2026-03-08T11:00:00Z'),
('20000000-0000-0000-0000-000000000003'::uuid, 'TENS unit calibration completed, all electrodes replaced', 'BioMed', true, '2026-03-10T15:00:00Z'),
('20000000-0000-0000-0000-000000000003'::uuid, 'Deep clean & sanitization after maintenance window', 'Cleaning Team', true, '2026-03-03T08:00:00Z'),
('20000000-0000-0000-0000-000000000003'::uuid, 'Resistance bands worn — need replacement', 'Dr. Chen', false, '2026-03-16T16:00:00Z');
-- =============================================
-- CostaSpine — Demo Data Seed
-- Run in Supabase SQL Editor AFTER all migrations
-- Creates realistic data for client demo presentation
-- =============================================

-- ── PATIENTS (12 patients with realistic Spanish/expat mix) ──

INSERT INTO patients (id, first_name, last_name, email, phone, date_of_birth, language, source, visit_count, marketing_consent, consent_date, notes) VALUES
  ('50000000-0000-0000-0000-000000000001', 'Carlos', 'García', 'carlos.garcia@gmail.com', '+34 612 345 001', '1985-03-15', 'es', 'phone', 8, true, now(), 'Regular patient, chronic lower back pain'),
  ('50000000-0000-0000-0000-000000000002', 'Emily', 'Roberts', 'emily.roberts@outlook.com', '+34 612 345 002', '1992-07-22', 'en', 'web', 5, true, now(), 'Expat, tennis elbow recurring'),
  ('50000000-0000-0000-0000-000000000003', 'María', 'López', 'maria.lopez@yahoo.es', '+34 612 345 003', '1978-11-08', 'es', 'referral', 12, true, now(), 'Referred by Dr. Martínez, sciatica'),
  ('50000000-0000-0000-0000-000000000004', 'James', 'Mitchell', 'james.m@gmail.com', '+34 612 345 004', '1969-04-30', 'en', 'ai_phone', 3, false, null, 'New patient via AI booking'),
  ('50000000-0000-0000-0000-000000000005', 'Ana', 'Fernández', 'ana.f@hotmail.com', '+34 612 345 005', '1995-01-17', 'es', 'whatsapp', 6, true, now(), 'Post-surgery knee rehab'),
  ('50000000-0000-0000-0000-000000000006', 'David', 'Brown', 'david.brown@icloud.com', '+34 612 345 006', '1988-09-05', 'en', 'walk_in', 2, true, now(), 'Golf injury, shoulder'),
  ('50000000-0000-0000-0000-000000000007', 'Sofia', 'Ruiz', 'sofia.ruiz@gmail.com', '+34 612 345 007', '2001-06-12', 'es', 'web', 4, true, now(), 'University student, posture issues'),
  ('50000000-0000-0000-0000-000000000008', 'Peter', 'van der Berg', 'peter.vdb@gmail.com', '+34 612 345 008', '1972-12-25', 'en', 'phone', 9, true, now(), 'Dutch expat, chronic neck pain'),
  ('50000000-0000-0000-0000-000000000009', 'Isabella', 'Moreno', 'isabella.m@gmail.com', '+34 612 345 009', '1990-08-19', 'es', 'referral', 7, true, now(), 'Pregnancy-related back pain'),
  ('50000000-0000-0000-0000-000000000010', 'Thomas', 'Anderson', 'thomas.a@outlook.com', '+34 612 345 010', '1983-02-14', 'en', 'ai_phone', 1, false, null, 'First visit, headaches'),
  ('50000000-0000-0000-0000-000000000011', 'Carmen', 'Delgado', 'carmen.d@yahoo.es', '+34 612 345 011', '1965-10-03', 'es', 'phone', 15, true, now(), 'Long-term patient, arthritis management'),
  ('50000000-0000-0000-0000-000000000012', 'Oliver', 'Schmidt', 'oliver.s@web.de', '+34 612 345 012', '1997-05-28', 'en', 'whatsapp', 3, true, now(), 'German expat, sports injury')
ON CONFLICT (phone) DO NOTHING;

-- ── APPOINTMENTS: Past 2 weeks (completed/no_show/cancelled) ──

INSERT INTO appointments (id, patient_id, practitioner_id, location_id, room_id, service_id, start_time, end_time, status, booking_source, deposit_paid) VALUES
  -- Week 1 (March 4-8)
  ('60000002-0000-0000-0000-000000000001', '50000000-0000-0000-0000-000000000001', '30000000-0000-0000-0000-000000000001', '10000000-0000-0000-0000-000000000001', '20000000-0000-0000-0000-000000000001', '40000000-0000-0000-0000-000000000002', '2026-03-19 09:00:00+01', '2026-03-19 09:30:00+01', 'attended', 'manual', true),
  ('60000002-0000-0000-0000-000000000002', '50000000-0000-0000-0000-000000000003', '30000000-0000-0000-0000-000000000001', '10000000-0000-0000-0000-000000000001', '20000000-0000-0000-0000-000000000001', '40000000-0000-0000-0000-000000000001', '2026-03-19 10:00:00+01', '2026-03-19 11:00:00+01', 'attended', 'manual', true),
  ('60000002-0000-0000-0000-000000000003', '50000000-0000-0000-0000-000000000005', '30000000-0000-0000-0000-000000000002', '10000000-0000-0000-0000-000000000001', '20000000-0000-0000-0000-000000000003', '40000000-0000-0000-0000-000000000003', '2026-03-19 11:00:00+01', '2026-03-19 11:45:00+01', 'attended', 'whatsapp', true),
  ('60000002-0000-0000-0000-000000000004', '50000000-0000-0000-0000-000000000002', '30000000-0000-0000-0000-000000000003', '10000000-0000-0000-0000-000000000001', '20000000-0000-0000-0000-000000000002', '40000000-0000-0000-0000-000000000004', '2026-03-19 14:00:00+01', '2026-03-19 15:00:00+01', 'attended', 'web', true),
  ('60000002-0000-0000-0000-000000000005', '50000000-0000-0000-0000-000000000008', '30000000-0000-0000-0000-000000000001', '10000000-0000-0000-0000-000000000001', '20000000-0000-0000-0000-000000000001', '40000000-0000-0000-0000-000000000002', '2026-03-20 09:00:00+01', '2026-03-20 09:30:00+01', 'attended', 'manual', true),
  ('60000002-0000-0000-0000-000000000006', '50000000-0000-0000-0000-000000000004', '30000000-0000-0000-0000-000000000001', '10000000-0000-0000-0000-000000000001', '20000000-0000-0000-0000-000000000001', '40000000-0000-0000-0000-000000000001', '2026-03-20 11:00:00+01', '2026-03-20 12:00:00+01', 'no_show', 'ai_phone', false),
  ('60000002-0000-0000-0000-000000000007', '50000000-0000-0000-0000-000000000007', '30000000-0000-0000-0000-000000000002', '10000000-0000-0000-0000-000000000001', '20000000-0000-0000-0000-000000000003', '40000000-0000-0000-0000-000000000006', '2026-03-21 09:00:00+01', '2026-03-21 10:00:00+01', 'attended', 'web', true),
  ('60000002-0000-0000-0000-000000000008', '50000000-0000-0000-0000-000000000009', '30000000-0000-0000-0000-000000000003', '10000000-0000-0000-0000-000000000001', '20000000-0000-0000-0000-000000000002', '40000000-0000-0000-0000-000000000005', '2026-03-21 10:00:00+01', '2026-03-21 10:45:00+01', 'attended', 'manual', true),
  ('60000002-0000-0000-0000-000000000009', '50000000-0000-0000-0000-000000000011', '30000000-0000-0000-0000-000000000001', '10000000-0000-0000-0000-000000000001', '20000000-0000-0000-0000-000000000001', '40000000-0000-0000-0000-000000000002', '2026-03-22 09:00:00+01', '2026-03-22 09:30:00+01', 'attended', 'manual', true),
  ('60000002-0000-0000-0000-000000000010', '50000000-0000-0000-0000-000000000006', '30000000-0000-0000-0000-000000000003', '10000000-0000-0000-0000-000000000001', '20000000-0000-0000-0000-000000000002', '40000000-0000-0000-0000-000000000004', '2026-03-22 14:00:00+01', '2026-03-22 15:00:00+01', 'cancelled', 'walk_in', false),

  -- Week 2 (March 10-14)
  ('60000002-0000-0000-0000-000000000011', '50000000-0000-0000-0000-000000000001', '30000000-0000-0000-0000-000000000001', '10000000-0000-0000-0000-000000000001', '20000000-0000-0000-0000-000000000001', '40000000-0000-0000-0000-000000000002', '2026-03-25 09:00:00+01', '2026-03-25 09:30:00+01', 'attended', 'manual', true),
  ('60000002-0000-0000-0000-000000000012', '50000000-0000-0000-0000-000000000003', '30000000-0000-0000-0000-000000000002', '10000000-0000-0000-0000-000000000001', '20000000-0000-0000-0000-000000000003', '40000000-0000-0000-0000-000000000003', '2026-03-25 10:00:00+01', '2026-03-25 10:45:00+01', 'attended', 'manual', true),
  ('60000002-0000-0000-0000-000000000013', '50000000-0000-0000-0000-000000000012', '30000000-0000-0000-0000-000000000003', '10000000-0000-0000-0000-000000000001', '20000000-0000-0000-0000-000000000002', '40000000-0000-0000-0000-000000000004', '2026-03-25 14:00:00+01', '2026-03-25 15:00:00+01', 'attended', 'whatsapp', true),
  ('60000002-0000-0000-0000-000000000014', '50000000-0000-0000-0000-000000000002', '30000000-0000-0000-0000-000000000001', '10000000-0000-0000-0000-000000000001', '20000000-0000-0000-0000-000000000001', '40000000-0000-0000-0000-000000000002', '2026-03-26 09:30:00+01', '2026-03-26 10:00:00+01', 'attended', 'web', true),
  ('60000002-0000-0000-0000-000000000015', '50000000-0000-0000-0000-000000000005', '30000000-0000-0000-0000-000000000002', '10000000-0000-0000-0000-000000000001', '20000000-0000-0000-0000-000000000003', '40000000-0000-0000-0000-000000000006', '2026-03-26 11:00:00+01', '2026-03-26 12:00:00+01', 'attended', 'whatsapp', true),
  ('60000002-0000-0000-0000-000000000016', '50000000-0000-0000-0000-000000000008', '30000000-0000-0000-0000-000000000001', '10000000-0000-0000-0000-000000000001', '20000000-0000-0000-0000-000000000001', '40000000-0000-0000-0000-000000000002', '2026-03-27 09:00:00+01', '2026-03-27 09:30:00+01', 'attended', 'manual', true),
  ('60000002-0000-0000-0000-000000000017', '50000000-0000-0000-0000-000000000009', '30000000-0000-0000-0000-000000000003', '10000000-0000-0000-0000-000000000001', '20000000-0000-0000-0000-000000000002', '40000000-0000-0000-0000-000000000005', '2026-03-27 10:00:00+01', '2026-03-27 10:45:00+01', 'attended', 'manual', true),
  ('60000002-0000-0000-0000-000000000018', '50000000-0000-0000-0000-000000000010', '30000000-0000-0000-0000-000000000001', '10000000-0000-0000-0000-000000000001', '20000000-0000-0000-0000-000000000001', '40000000-0000-0000-0000-000000000001', '2026-03-28 10:00:00+01', '2026-03-28 11:00:00+01', 'attended', 'ai_phone', true),
  ('60000002-0000-0000-0000-000000000019', '50000000-0000-0000-0000-000000000007', '30000000-0000-0000-0000-000000000002', '10000000-0000-0000-0000-000000000001', '20000000-0000-0000-0000-000000000003', '40000000-0000-0000-0000-000000000003', '2026-03-28 14:00:00+01', '2026-03-28 14:45:00+01', 'no_show', 'web', false),
  ('60000002-0000-0000-0000-000000000020', '50000000-0000-0000-0000-000000000011', '30000000-0000-0000-0000-000000000001', '10000000-0000-0000-0000-000000000001', '20000000-0000-0000-0000-000000000001', '40000000-0000-0000-0000-000000000002', '2026-03-29 09:00:00+01', '2026-03-29 09:30:00+01', 'attended', 'manual', true),

  -- This week (March 17-18) — recent & today
  ('60000002-0000-0000-0000-000000000021', '50000000-0000-0000-0000-000000000001', '30000000-0000-0000-0000-000000000001', '10000000-0000-0000-0000-000000000001', '20000000-0000-0000-0000-000000000001', '40000000-0000-0000-0000-000000000002', '2026-04-01 09:00:00+01', '2026-04-01 09:30:00+01', 'attended', 'manual', true),
  ('60000002-0000-0000-0000-000000000022', '50000000-0000-0000-0000-000000000003', '30000000-0000-0000-0000-000000000002', '10000000-0000-0000-0000-000000000001', '20000000-0000-0000-0000-000000000003', '40000000-0000-0000-0000-000000000003', '2026-04-01 11:00:00+01', '2026-04-01 11:45:00+01', 'attended', 'manual', true),
  ('60000002-0000-0000-0000-000000000023', '50000000-0000-0000-0000-000000000012', '30000000-0000-0000-0000-000000000003', '10000000-0000-0000-0000-000000000001', '20000000-0000-0000-0000-000000000002', '40000000-0000-0000-0000-000000000004', '2026-04-01 14:00:00+01', '2026-04-01 15:00:00+01', 'attended', 'whatsapp', true),

  -- TODAY March 18
  ('60000002-0000-0000-0000-000000000024', '50000000-0000-0000-0000-000000000008', '30000000-0000-0000-0000-000000000001', '10000000-0000-0000-0000-000000000001', '20000000-0000-0000-0000-000000000001', '40000000-0000-0000-0000-000000000002', '2026-04-02 09:00:00+01', '2026-04-02 09:30:00+01', 'confirmed', 'manual', true),
  ('60000002-0000-0000-0000-000000000025', '50000000-0000-0000-0000-000000000002', '30000000-0000-0000-0000-000000000001', '10000000-0000-0000-0000-000000000001', '20000000-0000-0000-0000-000000000001', '40000000-0000-0000-0000-000000000001', '2026-04-02 10:00:00+01', '2026-04-02 11:00:00+01', 'confirmed', 'web', true),
  ('60000002-0000-0000-0000-000000000026', '50000000-0000-0000-0000-000000000005', '30000000-0000-0000-0000-000000000002', '10000000-0000-0000-0000-000000000001', '20000000-0000-0000-0000-000000000003', '40000000-0000-0000-0000-000000000006', '2026-04-02 09:00:00+01', '2026-04-02 10:00:00+01', 'attended', 'whatsapp', true),
  ('60000002-0000-0000-0000-000000000027', '50000000-0000-0000-0000-000000000009', '30000000-0000-0000-0000-000000000003', '10000000-0000-0000-0000-000000000001', '20000000-0000-0000-0000-000000000002', '40000000-0000-0000-0000-000000000005', '2026-04-02 10:00:00+01', '2026-04-02 10:45:00+01', 'confirmed', 'manual', true),
  ('60000002-0000-0000-0000-000000000028', '50000000-0000-0000-0000-000000000006', '30000000-0000-0000-0000-000000000001', '10000000-0000-0000-0000-000000000001', '20000000-0000-0000-0000-000000000001', '40000000-0000-0000-0000-000000000002', '2026-04-02 14:00:00+01', '2026-04-02 14:30:00+01', 'confirmed', 'walk_in', true),
  ('60000002-0000-0000-0000-000000000029', '50000000-0000-0000-0000-000000000011', '30000000-0000-0000-0000-000000000002', '10000000-0000-0000-0000-000000000001', '20000000-0000-0000-0000-000000000003', '40000000-0000-0000-0000-000000000003', '2026-04-02 14:00:00+01', '2026-04-02 14:45:00+01', 'confirmed', 'manual', true),
  ('60000002-0000-0000-0000-000000000030', '50000000-0000-0000-0000-000000000004', '30000000-0000-0000-0000-000000000003', '10000000-0000-0000-0000-000000000001', '20000000-0000-0000-0000-000000000002', '40000000-0000-0000-0000-000000000004', '2026-04-02 15:00:00+01', '2026-04-02 16:00:00+01', 'pending_deposit', 'ai_phone', false),

  -- Future (March 19-21)
  ('60000002-0000-0000-0000-000000000031', '50000000-0000-0000-0000-000000000001', '30000000-0000-0000-0000-000000000001', '10000000-0000-0000-0000-000000000001', '20000000-0000-0000-0000-000000000001', '40000000-0000-0000-0000-000000000002', '2026-04-03 09:00:00+01', '2026-04-03 09:30:00+01', 'confirmed', 'manual', true),
  ('60000002-0000-0000-0000-000000000032', '50000000-0000-0000-0000-000000000010', '30000000-0000-0000-0000-000000000001', '10000000-0000-0000-0000-000000000001', '20000000-0000-0000-0000-000000000001', '40000000-0000-0000-0000-000000000001', '2026-04-03 11:00:00+01', '2026-04-03 12:00:00+01', 'confirmed', 'ai_phone', true),
  ('60000002-0000-0000-0000-000000000033', '50000000-0000-0000-0000-000000000007', '30000000-0000-0000-0000-000000000002', '10000000-0000-0000-0000-000000000001', '20000000-0000-0000-0000-000000000003', '40000000-0000-0000-0000-000000000003', '2026-04-04 09:00:00+01', '2026-04-04 09:45:00+01', 'confirmed', 'web', true),
  ('60000002-0000-0000-0000-000000000034', '50000000-0000-0000-0000-000000000006', '30000000-0000-0000-0000-000000000003', '10000000-0000-0000-0000-000000000001', '20000000-0000-0000-0000-000000000002', '40000000-0000-0000-0000-000000000004', '2026-04-04 14:00:00+01', '2026-04-04 15:00:00+01', 'pending_deposit', 'walk_in', false),
  ('60000002-0000-0000-0000-000000000035', '50000000-0000-0000-0000-000000000003', '30000000-0000-0000-0000-000000000001', '10000000-0000-0000-0000-000000000001', '20000000-0000-0000-0000-000000000001', '40000000-0000-0000-0000-000000000002', '2026-04-05 09:00:00+01', '2026-04-05 09:30:00+01', 'confirmed', 'manual', true)
ON CONFLICT (id) DO NOTHING;

-- ── PAYMENTS (for attended appointments) ──

INSERT INTO payments (id, appointment_id, patient_id, amount, type, status) VALUES
  ('70000002-0000-0000-0000-000000000001', '60000002-0000-0000-0000-000000000001', '50000000-0000-0000-0000-000000000001', 20.00, 'deposit', 'completed'),
  ('70000002-0000-0000-0000-000000000002', '60000002-0000-0000-0000-000000000001', '50000000-0000-0000-0000-000000000001', 55.00, 'full', 'completed'),
  ('70000002-0000-0000-0000-000000000003', '60000002-0000-0000-0000-000000000002', '50000000-0000-0000-0000-000000000003', 30.00, 'deposit', 'completed'),
  ('70000002-0000-0000-0000-000000000004', '60000002-0000-0000-0000-000000000002', '50000000-0000-0000-0000-000000000003', 90.00, 'full', 'completed'),
  ('70000002-0000-0000-0000-000000000005', '60000002-0000-0000-0000-000000000003', '50000000-0000-0000-0000-000000000005', 20.00, 'deposit', 'completed'),
  ('70000002-0000-0000-0000-000000000006', '60000002-0000-0000-0000-000000000003', '50000000-0000-0000-0000-000000000005', 65.00, 'full', 'completed'),
  ('70000002-0000-0000-0000-000000000007', '60000002-0000-0000-0000-000000000004', '50000000-0000-0000-0000-000000000002', 15.00, 'deposit', 'completed'),
  ('70000002-0000-0000-0000-000000000008', '60000002-0000-0000-0000-000000000004', '50000000-0000-0000-0000-000000000002', 55.00, 'full', 'completed'),
  ('70000002-0000-0000-0000-000000000009', '60000002-0000-0000-0000-000000000011', '50000000-0000-0000-0000-000000000001', 75.00, 'full', 'completed'),
  ('70000002-0000-0000-0000-000000000010', '60000002-0000-0000-0000-000000000012', '50000000-0000-0000-0000-000000000003', 85.00, 'full', 'completed'),
  ('70000002-0000-0000-0000-000000000011', '60000002-0000-0000-0000-000000000013', '50000000-0000-0000-0000-000000000012', 70.00, 'full', 'completed'),
  ('70000002-0000-0000-0000-000000000012', '60000002-0000-0000-0000-000000000014', '50000000-0000-0000-0000-000000000002', 75.00, 'full', 'completed'),
  ('70000002-0000-0000-0000-000000000013', '60000002-0000-0000-0000-000000000015', '50000000-0000-0000-0000-000000000005', 95.00, 'full', 'completed'),
  ('70000002-0000-0000-0000-000000000014', '60000002-0000-0000-0000-000000000016', '50000000-0000-0000-0000-000000000008', 75.00, 'full', 'completed'),
  ('70000002-0000-0000-0000-000000000015', '60000002-0000-0000-0000-000000000017', '50000000-0000-0000-0000-000000000009', 65.00, 'full', 'completed'),
  ('70000002-0000-0000-0000-000000000016', '60000002-0000-0000-0000-000000000018', '50000000-0000-0000-0000-000000000010', 120.00, 'full', 'completed'),
  ('70000002-0000-0000-0000-000000000017', '60000002-0000-0000-0000-000000000020', '50000000-0000-0000-0000-000000000011', 75.00, 'full', 'completed'),
  ('70000002-0000-0000-0000-000000000018', '60000002-0000-0000-0000-000000000021', '50000000-0000-0000-0000-000000000001', 75.00, 'full', 'completed'),
  ('70000002-0000-0000-0000-000000000019', '60000002-0000-0000-0000-000000000022', '50000000-0000-0000-0000-000000000003', 85.00, 'full', 'completed'),
  ('70000002-0000-0000-0000-000000000020', '60000002-0000-0000-0000-000000000023', '50000000-0000-0000-0000-000000000012', 70.00, 'full', 'completed')
ON CONFLICT (id) DO NOTHING;

-- ── CALL LOGS (AI phone bookings) ──

INSERT INTO call_logs (id, caller_phone, patient_id, direction, duration_seconds, status, matched_practitioner_id, matched_service_id, appointment_id, triage_result, created_at) VALUES
  ('80000002-0000-0000-0000-000000000001', '+34 612 345 004', '50000000-0000-0000-0000-000000000004', 'inbound', 187, 'completed', '30000000-0000-0000-0000-000000000001', '40000000-0000-0000-0000-000000000001', '60000002-0000-0000-0000-000000000006', '{"urgency": "routine", "symptoms": ["headaches", "neck stiffness"], "preferred_language": "en"}', '2026-03-20 10:30:00+01'),
  ('80000002-0000-0000-0000-000000000002', '+34 612 345 010', '50000000-0000-0000-0000-000000000010', 'inbound', 142, 'completed', '30000000-0000-0000-0000-000000000001', '40000000-0000-0000-0000-000000000001', '60000002-0000-0000-0000-000000000018', '{"urgency": "routine", "symptoms": ["chronic headaches", "tension"], "preferred_language": "en"}', '2026-03-27 15:20:00+01'),
  ('80000002-0000-0000-0000-000000000003', '+34 612 345 004', '50000000-0000-0000-0000-000000000004', 'inbound', 95, 'completed', '30000000-0000-0000-0000-000000000003', '40000000-0000-0000-0000-000000000004', '60000002-0000-0000-0000-000000000030', '{"urgency": "routine", "symptoms": ["back pain"], "preferred_language": "en"}', '2026-04-01 16:00:00+01'),
  ('80000002-0000-0000-0000-000000000004', '+34 612 999 001', null, 'inbound', 45, 'no_answer', null, null, null, '{}', '2026-03-31 09:15:00+01'),
  ('80000002-0000-0000-0000-000000000005', '+34 612 999 002', null, 'inbound', 30, 'voicemail', null, null, null, '{}', '2026-03-29 17:45:00+01')
ON CONFLICT (id) DO NOTHING;

-- ── ROOM MAINTENANCE LOGS (from 007 migration, add if missing) ──

INSERT INTO room_maintenance_logs (room_id, note, reported_by, resolved, created_at) VALUES
('20000000-0000-0000-0000-000000000001', 'Adjustment table hydraulics serviced', 'BioMed', true, '2026-03-30T10:00:00Z'),
('20000000-0000-0000-0000-000000000001', 'Decompression unit annual calibration', 'BioMed', true, '2026-03-25T14:00:00Z'),
('20000000-0000-0000-0000-000000000002', 'Massage table re-padded, new upholstery installed', 'Facilities', true, '2026-03-30T09:00:00Z'),
('20000000-0000-0000-0000-000000000002', 'Hot stones kit replaced — old stones cracked', 'Staff', true, '2026-03-23T11:00:00Z'),
('20000000-0000-0000-0000-000000000003', 'TENS unit calibration completed, all electrodes replaced', 'BioMed', true, '2026-03-25T15:00:00Z'),
('20000000-0000-0000-0000-000000000003', 'Deep clean & sanitization after maintenance window', 'Cleaning Team', true, '2026-03-18T08:00:00Z'),
('20000000-0000-0000-0000-000000000003', 'Resistance bands worn — need replacement', 'Dr. Chen', false, '2026-03-31T16:00:00Z')
ON CONFLICT DO NOTHING;

-- ── ROOM SUPPORTED SERVICES ──

INSERT INTO room_supported_services (room_id, service_id)
SELECT '20000000-0000-0000-0000-000000000001'::uuid, id FROM services WHERE category IN ('chiropractic', 'assessment')
ON CONFLICT DO NOTHING;

INSERT INTO room_supported_services (room_id, service_id)
SELECT '20000000-0000-0000-0000-000000000002'::uuid, id FROM services WHERE category = 'massage'
ON CONFLICT DO NOTHING;

INSERT INTO room_supported_services (room_id, service_id)
SELECT '20000000-0000-0000-0000-000000000003'::uuid, id FROM services WHERE category IN ('physiotherapy', 'assessment')
ON CONFLICT DO NOTHING;

-- ── UPDATE ROOM CAPACITY ──

UPDATE rooms SET capacity = 1 WHERE type IN ('chiropractic', 'massage');
UPDATE rooms SET capacity = 2 WHERE type = 'physiotherapy';

-- ── DONE ──
-- Total: 12 patients, 35 appointments, 20 payments, 5 call logs, 7 maintenance logs
